SET NOCOUNT ON

IF NOT EXISTS (SELECT * FROM sys.schemas WHERE name = 'master') EXEC('CREATE SCHEMA [master]');
GO

IF OBJECT_ID('[master].[State]') IS NOT NULL DROP TABLE [master].[State]
IF OBJECT_ID('[master].[Country]') IS NOT NULL DROP TABLE [master].[Country]
IF OBJECT_ID('[master].[Currency]') IS NOT NULL DROP TABLE [master].[Currency]
IF OBJECT_ID('[master].[Tech]') IS NOT NULL DROP TABLE [master].[Tech]
IF OBJECT_ID('[master].[DeviceType]') IS NOT NULL DROP TABLE [master].[DeviceType]


CREATE TABLE [master].[Currency](
	--PK:
	[CurrencyId] int NOT NULL IDENTITY(1,1),
	--Data:
	[CurrencyName] nvarchar(50) NOT NULL,
	[CurrencyISO]  varchar(3) NOT NULL,
	[CurrencySymbol] nvarchar(10) NULL,
	[Translations] varchar(max) NULL,
	[Disabled] bit DEFAULT 0 NOT NULL,
	--Audit:
	[UpdateDate] datetime DEFAULT GETUTCDATE() NOT NULL, 
	[UpdateUserId] int DEFAULT 0 NOT NULL,
	[UpdateUserName] nvarchar(100) DEFAULT 'dba' NOT NULL,
	--Constraints:
	CONSTRAINT [PK_master_Currency] PRIMARY KEY ([CurrencyId]),
	CONSTRAINT [UK_master_Currency_CurrencyName] UNIQUE ([CurrencyName])
)
GO

CREATE TABLE [master].[Country](
	--PK:
	[CountryId] int NOT NULL IDENTITY(1,1),
	--Data:
	[CountryName] nvarchar(100) NOT NULL,
	[CountryCodeISO2] char(2) NULL,
	[CountryCodeISO3] char(3) NULL,
	[CountryCallingCode] nvarchar(8) NULL,
	[CurrencyId] int NULL,
	[Translations] varchar(max) NULL,
	[Disabled] bit DEFAULT 0 NOT NULL,
	--Audit:
	[UpdateDate] datetime DEFAULT GETUTCDATE() NOT NULL, 
	[UpdateUserId] int DEFAULT 0 NOT NULL,
	[UpdateUserName] nvarchar(100) DEFAULT 'dba' NOT NULL,
	--Constraints:
	CONSTRAINT [PK_master_Country] PRIMARY KEY ([CountryId]),
	CONSTRAINT [PK_master_Country_CountryName] UNIQUE ([CountryName]),
	CONSTRAINT [PK_master_Country_CountryCodeISO2] UNIQUE ([CountryCodeISO2]),
	CONSTRAINT [PK_master_Country_CountryCodeISO3] UNIQUE ([CountryCodeISO3]),
	CONSTRAINT [FK_master_Country_CurrencyId] FOREIGN KEY ([CurrencyId]) REFERENCES [master].[Currency]([CurrencyId])
)
GO

CREATE TABLE [master].[State](
	--PK:
	[StateId] int NOT NULL IDENTITY(1,1),
	--FK:
	[CountryId] int NOT NULL,
	--Data:
	[StateName] nvarchar(100) NOT NULL,
	[StateCodeISO2] char(2) NULL,
	[StateCodeISO3] char(3) NULL,
	[Translations] varchar(max) NULL,
	[Disabled] bit DEFAULT 0 NOT NULL,
	--Audit:
	[UpdateDate] datetime DEFAULT GETUTCDATE() NOT NULL, 
	[UpdateUserId] int DEFAULT 0 NOT NULL,
	[UpdateUserName] nvarchar(100) DEFAULT 'dba' NOT NULL,
	--Constraints:
	CONSTRAINT [PK_master_State] PRIMARY KEY ([StateId]),
	CONSTRAINT [FK_master_State_CountryId] FOREIGN KEY ([CountryId]) REFERENCES [master].[Country]([CountryId])
)
GO

CREATE TABLE [master].[Tech](
	--PK:
	[TechId] int NOT NULL IDENTITY(1,1),
	--Data:
	[TechName] nvarchar(50),
	[TechShortName] nvarchar(20),
	[Description] nvarchar(MAX),
	[Translations] varchar(max) NULL,
	[Disabled] bit DEFAULT 0 NOT NULL,
	--Audit:
	[UpdateDate] datetime DEFAULT GETUTCDATE() NOT NULL, 
	[UpdateUserId] int DEFAULT 0 NOT NULL,
	[UpdateUserName] nvarchar(100) DEFAULT 'dba' NOT NULL,
	--Constraints:
	CONSTRAINT [PK_master_Tech] PRIMARY KEY ([TechId])
)
GO


CREATE TABLE [master].[DeviceType](
	--PK:
	[DeviceTypeId] int NOT NULL IDENTITY(1,1),
	--FK:
	[IconId] int NULL,
	--Data:
	[DeviceTypeName] nvarchar(50) NOT NULL,
	[Description] nvarchar(max) NULL,
	[Translations] varchar(max) NULL,
	[Disabled] bit DEFAULT 0 NOT NULL,
	--Audit:
	[UpdateDate] datetime DEFAULT GETUTCDATE() NOT NULL, 
	[UpdateUserId] int DEFAULT 0 NOT NULL,
	[UpdateUserName] nvarchar(100) DEFAULT 'dba' NOT NULL,
	--Constraints:
	CONSTRAINT [PK_master_DeviceType] PRIMARY KEY ([DeviceTypeId]),
	CONSTRAINT [UK_master_DeviceType_DeviceTypeName] UNIQUE ([DeviceTypeName])
)
GO


SET IDENTITY_INSERT [master].[Currency] ON 
GO

INSERT INTO [master].[Currency] ([CurrencyId],[CurrencyName],[CurrencyISO],[CurrencySymbol],[Translations]) VALUES
 (1,'United States dollar','USD','$',NULL)
,(2,'Euro','EUR','€',NULL)
,(3,'Bitish pound','GBP','£',NULL)
,(4,'Canadian dollar','CAD','$',NULL)
,(5,'Chilean peso','CLP','$',NULL)
,(6,'Mexican peso','MXN','$',NULL)
,(7,'Colombian peso','COP','$',NULL)

SET IDENTITY_INSERT [master].[Currency] OFF 
GO

SET IDENTITY_INSERT [master].[Country] ON 
GO

INSERT INTO [master].[Country] ([CountryId],[CountryName],[CountryCodeISO2],[CountryCodeISO3],[CountryCallingCode],[Translations],[CurrencyId]) VALUES
 (1, N'Afghanistan', N'AF', N'AFG', N'93', NULL, NULL)
,(2, N'Aland Islands', N'AX', N'ALA', N'358', NULL, NULL)
,(3, N'Albania', N'AL', N'ALB', N'355', NULL, NULL)
,(4, N'Algeria', N'DZ', N'DZA', N'213', NULL, NULL)
,(5, N'American Samoa', N'AS', N'ASM', N'1+684', NULL, NULL)
,(6, N'Andorra', N'AD', N'AND', N'376', NULL, 2)
,(7, N'Angola', N'AO', N'AGO', N'244', NULL, NULL)
,(8, N'Anguilla', N'AI', N'AIA', N'1+264', NULL, NULL)
,(9, N'Antarctica', N'AQ', N'ATA', N'672', NULL, NULL)
,(10, N'Antigua and Barbuda', N'AG', N'ATG', N'1+268', NULL, NULL)
,(11, N'Argentina', N'AR', N'ARG', N'54', NULL, NULL)
,(12, N'Armenia', N'AM', N'ARM', N'374', NULL, NULL)
,(13, N'Aruba', N'AW', N'ABW', N'297', NULL, NULL)
,(14, N'Australia', N'AU', N'AUS', N'61', NULL, NULL)
,(15, N'Austria', N'AT', N'AUT', N'43', NULL, 2)
,(16, N'Azerbaijan', N'AZ', N'AZE', N'994', NULL, NULL)
,(17, N'Bahamas', N'BS', N'BHS', N'1+242', NULL, NULL)
,(18, N'Bahrain', N'BH', N'BHR', N'973', NULL, NULL)
,(19, N'Bangladesh', N'BD', N'BGD', N'880', NULL, NULL)
,(20, N'Barbados', N'BB', N'BRB', N'1+246', NULL, NULL)
,(21, N'Belarus', N'BY', N'BLR', N'375', NULL, NULL)
,(22, N'Belgium', N'BE', N'BEL', N'32', NULL, 2)
,(23, N'Belize', N'BZ', N'BLZ', N'501', NULL, NULL)
,(24, N'Benin', N'BJ', N'BEN', N'229', NULL, NULL)
,(25, N'Bermuda', N'BM', N'BMU', N'1+441', NULL, NULL)
,(26, N'Bhutan', N'BT', N'BTN', N'975', NULL, NULL)
,(27, N'Bolivia', N'BO', N'BOL', N'591', NULL, NULL)
,(28, N'Bonaire Sint Eustatius and Saba', N'BQ', N'BES', N'599', NULL, NULL)
,(29, N'Bosnia and Herzegovina', N'BA', N'BIH', N'387', NULL, NULL)
,(30, N'Botswana', N'BW', N'BWA', N'267', NULL, NULL)
,(31, N'Bouvet Island', N'BV', N'BVT', N'NONE', NULL, NULL)
,(32, N'Brazil', N'BR', N'BRA', N'55', NULL, NULL)
,(33, N'British Indian Ocean Territory', N'IO', N'IOT', N'246', NULL, NULL)
,(34, N'Brunei', N'BN', N'BRN', N'673', NULL, NULL)
,(35, N'Bulgaria', N'BG', N'BGR', N'359', NULL, NULL)
,(36, N'Burkina Faso', N'BF', N'BFA', N'226', NULL, NULL)
,(37, N'Burundi', N'BI', N'BDI', N'257', NULL, NULL)
,(38, N'Cambodia', N'KH', N'KHM', N'855', NULL, NULL)
,(39, N'Cameroon', N'CM', N'CMR', N'237', NULL, NULL)
,(40, N'Canada', N'CA', N'CAN', N'1', NULL, 4)
,(41, N'Cape Verde', N'CV', N'CPV', N'238', NULL, NULL)
,(42, N'Cayman Islands', N'KY', N'CYM', N'1+345', NULL, NULL)
,(43, N'Central African Republic', N'CF', N'CAF', N'236', NULL, NULL)
,(44, N'Chad', N'TD', N'TCD', N'235', NULL, NULL)
,(45, N'Chile', N'CL', N'CHL', N'56', NULL, 5)
,(46, N'China', N'CN', N'CHN', N'86', NULL, NULL)
,(47, N'Christmas Island', N'CX', N'CXR', N'61', NULL, NULL)
,(48, N'Cocos (Keeling) Islands', N'CC', N'CCK', N'61', NULL, NULL)
,(49, N'Colombia', N'CO', N'COL', N'57', NULL, 7)
,(50, N'Comoros', N'KM', N'COM', N'269', NULL, NULL)
,(51, N'Congo', N'CG', N'COG', N'242', NULL, NULL)
,(52, N'Cook Islands', N'CK', N'COK', N'682', NULL, NULL)
,(53, N'Costa Rica', N'CR', N'CRI', N'506', NULL, NULL)
,(54, N'Cote d ivoire (Ivory Coast)', N'CI', N'CIV', N'225', NULL, NULL)
,(55, N'Croatia', N'HR', N'HRV', N'385', NULL, NULL)
,(56, N'Cuba', N'CU', N'CUB', N'53', NULL, NULL)
,(57, N'Curacao', N'CW', N'CUW', N'599', NULL, NULL)
,(58, N'Cyprus', N'CY', N'CYP', N'357', NULL, NULL)
,(59, N'Czech Republic', N'CZ', N'CZE', N'420', NULL, 2)
,(60, N'Democratic Republic of the Congo', N'CD', N'COD', N'243', NULL, NULL)
,(61, N'Denmark', N'DK', N'DNK', N'45', NULL, 2)
,(62, N'Djibouti', N'DJ', N'DJI', N'253', NULL, NULL)
,(63, N'Dominica', N'DM', N'DMA', N'1+767', NULL, NULL)
,(64, N'Dominican Republic', N'DO', N'DOM', N'1+809 8', NULL, NULL)
,(65, N'Ecuador', N'EC', N'ECU', N'593', NULL, NULL)
,(66, N'Egypt', N'EG', N'EGY', N'20', NULL, NULL)
,(67, N'El Salvador', N'SV', N'SLV', N'503', NULL, NULL)
,(68, N'Equatorial Guinea', N'GQ', N'GNQ', N'240', NULL, NULL)
,(69, N'Eritrea', N'ER', N'ERI', N'291', NULL, NULL)
,(70, N'Estonia', N'EE', N'EST', N'372', NULL, NULL)
,(71, N'Ethiopia', N'ET', N'ETH', N'251', NULL, NULL)
,(72, N'Falkland Islands (Malvinas)', N'FK', N'FLK', N'500', NULL, NULL)
,(73, N'Faroe Islands', N'FO', N'FRO', N'298', NULL, NULL)
,(74, N'Fiji', N'FJ', N'FJI', N'679', NULL, NULL)
,(75, N'Finland', N'FI', N'FIN', N'358', NULL, 2)
,(76, N'France', N'FR', N'FRA', N'33', NULL, 2)
,(77, N'French Guiana', N'GF', N'GUF', N'594', NULL, NULL)
,(78, N'French Polynesia', N'PF', N'PYF', N'689', NULL, NULL)
,(79, N'French Southern Territories', N'TF', N'ATF', N'NULL', NULL, NULL)
,(80, N'Gabon', N'GA', N'GAB', N'241', NULL, NULL)
,(81, N'Gambia', N'GM', N'GMB', N'220', NULL, NULL)
,(82, N'Georgia', N'GE', N'GEO', N'995', NULL, NULL)
,(83, N'Germany', N'DE', N'DEU', N'49', NULL, 2)
,(84, N'Ghana', N'GH', N'GHA', N'233', NULL, NULL)
,(85, N'Gibraltar', N'GI', N'GIB', N'350', NULL, NULL)
,(86, N'Greece', N'GR', N'GRC', N'30', NULL, 2)
,(87, N'Greenland', N'GL', N'GRL', N'299', NULL, NULL)
,(88, N'Grenada', N'GD', N'GRD', N'1+473', NULL, NULL)
,(89, N'Guadeloupe', N'GP', N'GLP', N'590', NULL, NULL)
,(90, N'Guam', N'GU', N'GUM', N'1+671', NULL, NULL)
,(91, N'Guatemala', N'GT', N'GTM', N'502', NULL, NULL)
,(92, N'Guernsey', N'GG', N'GGY', N'44', NULL, NULL)
,(93, N'Guinea', N'GN', N'GIN', N'224', NULL, NULL)
,(94, N'Guinea-Bissau', N'GW', N'GNB', N'245', NULL, NULL)
,(95, N'Guyana', N'GY', N'GUY', N'592', NULL, NULL)
,(96, N'Haiti', N'HT', N'HTI', N'509', NULL, NULL)
,(97, N'Heard Island and McDonald Islands', N'HM', N'HMD', N'NONE', NULL, NULL)
,(98, N'Honduras', N'HN', N'HND', N'504', NULL, NULL)
,(99, N'Hong Kong', N'HK', N'HKG', N'852', NULL, NULL)
,(100, N'Hungary', N'HU', N'HUN', N'36', NULL, 2)
,(101, N'Iceland', N'IS', N'ISL', N'354', NULL, 2)
,(102, N'India', N'IN', N'IND', N'91', NULL, NULL)
,(103, N'Indonesia', N'ID', N'IDN', N'62', NULL, NULL)
,(104, N'Iran', N'IR', N'IRN', N'98', NULL, NULL)
,(105, N'Iraq', N'IQ', N'IRQ', N'964', NULL, NULL)
,(106, N'Ireland', N'IE', N'IRL', N'353', NULL, 2)
,(107, N'Isle of Man', N'IM', N'IMN', N'44', NULL, NULL)
,(108, N'Israel', N'IL', N'ISR', N'972', NULL, NULL)
,(109, N'Italy', N'IT', N'ITA', N'39', NULL, 2)
,(110, N'Jamaica', N'JM', N'JAM', N'1+876', NULL, NULL)
,(111, N'Japan', N'JP', N'JPN', N'81', NULL, NULL)
,(112, N'Jersey', N'JE', N'JEY', N'44', NULL, NULL)
,(113, N'Jordan', N'JO', N'JOR', N'962', NULL, NULL)
,(114, N'Kazakhstan', N'KZ', N'KAZ', N'7', NULL, NULL)
,(115, N'Kenya', N'KE', N'KEN', N'254', NULL, NULL)
,(116, N'Kiribati', N'KI', N'KIR', N'686', NULL, NULL)
,(117, N'Kosovo', N'XK', N'XKV', N'381', NULL, NULL)
,(118, N'Kuwait', N'KW', N'KWT', N'965', NULL, NULL)
,(119, N'Kyrgyzstan', N'KG', N'KGZ', N'996', NULL, NULL)
,(120, N'Laos', N'LA', N'LAO', N'856', NULL, NULL)
,(121, N'Latvia', N'LV', N'LVA', N'371', NULL, NULL)
,(122, N'Lebanon', N'LB', N'LBN', N'961', NULL, NULL)
,(123, N'Lesotho', N'LS', N'LSO', N'266', NULL, NULL)
,(124, N'Liberia', N'LR', N'LBR', N'231', NULL, NULL)
,(125, N'Libya', N'LY', N'LBY', N'218', NULL, NULL)
,(126, N'Liechtenstein', N'LI', N'LIE', N'423', NULL, NULL)
,(127, N'Lithuania', N'LT', N'LTU', N'370', NULL, NULL)
,(128, N'Luxembourg', N'LU', N'LUX', N'352', NULL, 2)
,(129, N'Macao', N'MO', N'MAC', N'853', NULL, NULL)
,(130, N'Macedonia', N'MK', N'MKD', N'389', NULL, NULL)
,(131, N'Madagascar', N'MG', N'MDG', N'261', NULL, NULL)
,(132, N'Malawi', N'MW', N'MWI', N'265', NULL, NULL)
,(133, N'Malaysia', N'MY', N'MYS', N'60', NULL, NULL)
,(134, N'Maldives', N'MV', N'MDV', N'960', NULL, NULL)
,(135, N'Mali', N'ML', N'MLI', N'223', NULL, NULL)
,(136, N'Malta', N'MT', N'MLT', N'356', NULL, 2)
,(137, N'Marshall Islands', N'MH', N'MHL', N'692', NULL, NULL)
,(138, N'Martinique', N'MQ', N'MTQ', N'596', NULL, NULL)
,(139, N'Mauritania', N'MR', N'MRT', N'222', NULL, NULL)
,(140, N'Mauritius', N'MU', N'MUS', N'230', NULL, NULL)
,(141, N'Mayotte', N'YT', N'MYT', N'262', NULL, NULL)
,(142, N'Mexico', N'MX', N'MEX', N'52', NULL, 6)
,(143, N'Micronesia', N'FM', N'FSM', N'691', NULL, NULL)
,(144, N'Moldova', N'MD', N'MDA', N'373', NULL, NULL)
,(145, N'Monaco', N'MC', N'MCO', N'377', NULL, 2)
,(146, N'Mongolia', N'MN', N'MNG', N'976', NULL, NULL)
,(147, N'Montenegro', N'ME', N'MNE', N'382', NULL, NULL)
,(148, N'Montserrat', N'MS', N'MSR', N'1+664', NULL, NULL)
,(149, N'Morocco', N'MA', N'MAR', N'212', NULL, NULL)
,(150, N'Mozambique', N'MZ', N'MOZ', N'258', NULL, NULL)
,(151, N'Myanmar (Burma)', N'MM', N'MMR', N'95', NULL, NULL)
,(152, N'Namibia', N'NA', N'NAM', N'264', NULL, NULL)
,(153, N'Nauru', N'NR', N'NRU', N'674', NULL, NULL)
,(154, N'Nepal', N'NP', N'NPL', N'977', NULL, NULL)
,(155, N'Netherlands', N'NL', N'NLD', N'31', NULL, 2)
,(156, N'New Caledonia', N'NC', N'NCL', N'687', NULL, NULL)
,(157, N'New Zealand', N'NZ', N'NZL', N'64', NULL, NULL)
,(158, N'Nicaragua', N'NI', N'NIC', N'505', NULL, NULL)
,(159, N'Niger', N'NE', N'NER', N'227', NULL, NULL)
,(160, N'Nigeria', N'NG', N'NGA', N'234', NULL, NULL)
,(161, N'Niue', N'NU', N'NIU', N'683', NULL, NULL)
,(162, N'Norfolk Island', N'NF', N'NFK', N'672', NULL, NULL)
,(163, N'North Korea', N'KP', N'PRK', N'850', NULL, NULL)
,(164, N'Northern Mariana Islands', N'MP', N'MNP', N'1+670', NULL, NULL)
,(165, N'Norway', N'NO', N'NOR', N'47', NULL, 2)
,(166, N'Oman', N'OM', N'OMN', N'968', NULL, NULL)
,(167, N'Pakistan', N'PK', N'PAK', N'92', NULL, NULL)
,(168, N'Palau', N'PW', N'PLW', N'680', NULL, NULL)
,(169, N'Palestine', N'PS', N'PSE', N'970', NULL, NULL)
,(170, N'Panama', N'PA', N'PAN', N'507', NULL, NULL)
,(171, N'Papua New Guinea', N'PG', N'PNG', N'675', NULL, NULL)
,(172, N'Paraguay', N'PY', N'PRY', N'595', NULL, NULL)
,(173, N'Peru', N'PE', N'PER', N'51', NULL, NULL)
,(174, N'Phillipines', N'PH', N'PHL', N'63', NULL, NULL)
,(175, N'Pitcairn', N'PN', N'PCN', N'NONE', NULL, NULL)
,(176, N'Poland', N'PL', N'POL', N'48', NULL, 2)
,(177, N'Portugal', N'PT', N'PRT', N'351', NULL, 2)
,(178, N'Puerto Rico', N'PR', N'PRI', N'1+939', NULL, NULL)
,(179, N'Qatar', N'QA', N'QAT', N'974', NULL, NULL)
,(180, N'Reunion', N'RE', N'REU', N'262', NULL, NULL)
,(181, N'Romania', N'RO', N'ROU', N'40', NULL, 2)
,(182, N'Russia', N'RU', N'RUS', N'7', NULL, NULL)
,(183, N'Rwanda', N'RW', N'RWA', N'250', NULL, NULL)
,(184, N'Saint Barthelemy', N'BL', N'BLM', N'590', NULL, NULL)
,(185, N'Saint Helena', N'SH', N'SHN', N'290', NULL, NULL)
,(186, N'Saint Kitts and Nevis', N'KN', N'KNA', N'1+869', NULL, NULL)
,(187, N'Saint Lucia', N'LC', N'LCA', N'1+758', NULL, NULL)
,(188, N'Saint Martin', N'MF', N'MAF', N'590', NULL, NULL)
,(189, N'Saint Pierre and Miquelon', N'PM', N'SPM', N'508', NULL, NULL)
,(190, N'Saint Vincent and the Grenadines', N'VC', N'VCT', N'1+784', NULL, NULL)
,(191, N'Samoa', N'WS', N'WSM', N'685', NULL, NULL)
,(192, N'San Marino', N'SM', N'SMR', N'378', NULL, NULL)
,(193, N'Sao Tome and Principe', N'ST', N'STP', N'239', NULL, NULL)
,(194, N'Saudi Arabia', N'SA', N'SAU', N'966', NULL, NULL)
,(195, N'Senegal', N'SN', N'SEN', N'221', NULL, NULL)
,(196, N'Serbia', N'RS', N'SRB', N'381', NULL, NULL)
,(197, N'Seychelles', N'SC', N'SYC', N'248', NULL, NULL)
,(198, N'Sierra Leone', N'SL', N'SLE', N'232', NULL, NULL)
,(199, N'Singapore', N'SG', N'SGP', N'65', NULL, NULL)
,(200, N'Sint Maarten', N'SX', N'SXM', N'1+721', NULL, NULL)
,(201, N'Slovakia', N'SK', N'SVK', N'421', NULL, 2)
,(202, N'Slovenia', N'SI', N'SVN', N'386', NULL, 2)
,(203, N'Solomon Islands', N'SB', N'SLB', N'677', NULL, NULL)
,(204, N'Somalia', N'SO', N'SOM', N'252', NULL, NULL)
,(205, N'South Africa', N'ZA', N'ZAF', N'27', NULL, NULL)
,(206, N'South Georgia and the South Sandwich Islands', N'GS', N'SGS', N'500', NULL, NULL)
,(207, N'South Korea', N'KR', N'KOR', N'82', NULL, NULL)
,(208, N'South Sudan', N'SS', N'SSD', N'211', NULL, NULL)
,(209, N'Spain', N'ES', N'ESP', N'34', NULL, 2)
,(210, N'Sri Lanka', N'LK', N'LKA', N'94', NULL, NULL)
,(211, N'Sudan', N'SD', N'SDN', N'249', NULL, NULL)
,(212, N'Suriname', N'SR', N'SUR', N'597', NULL, NULL)
,(213, N'Svalbard and Jan Mayen', N'SJ', N'SJM', N'47', NULL, NULL)
,(214, N'Swaziland', N'SZ', N'SWZ', N'268', NULL, NULL)
,(215, N'Sweden', N'SE', N'SWE', N'46', NULL, 2)
,(216, N'Switzerland', N'CH', N'CHE', N'41', NULL, 2)
,(217, N'Syria', N'SY', N'SYR', N'963', NULL, NULL)
,(218, N'Taiwan', N'TW', N'TWN', N'886', NULL, NULL)
,(219, N'Tajikistan', N'TJ', N'TJK', N'992', NULL, NULL)
,(220, N'Tanzania', N'TZ', N'TZA', N'255', NULL, NULL)
,(221, N'Thailand', N'TH', N'THA', N'66', NULL, NULL)
,(222, N'Timor-Leste (East Timor)', N'TL', N'TLS', N'670', NULL, NULL)
,(223, N'Togo', N'TG', N'TGO', N'228', NULL, NULL)
,(224, N'Tokelau', N'TK', N'TKL', N'690', NULL, NULL)
,(225, N'Tonga', N'TO', N'TON', N'676', NULL, NULL)
,(226, N'Trinidad and Tobago', N'TT', N'TTO', N'1+868', NULL, NULL)
,(227, N'Tunisia', N'TN', N'TUN', N'216', NULL, NULL)
,(228, N'Turkey', N'TR', N'TUR', N'90', NULL, NULL)
,(229, N'Turkmenistan', N'TM', N'TKM', N'993', NULL, NULL)
,(230, N'Turks and Caicos Islands', N'TC', N'TCA', N'1+649', NULL, NULL)
,(231, N'Tuvalu', N'TV', N'TUV', N'688', NULL, NULL)
,(232, N'Uganda', N'UG', N'UGA', N'256', NULL, NULL)
,(233, N'Ukraine', N'UA', N'UKR', N'380', NULL, NULL)
,(234, N'United Arab Emirates', N'AE', N'ARE', N'971', NULL, NULL)
,(235, N'United Kingdom', N'GB', N'GBR', N'44', NULL, 3)
,(236, N'United States', N'US', N'USA', N'1', NULL, 1)
,(237, N'United States Minor Outlying Islands', N'UM', N'UMI', N'', NULL, 1)
,(238, N'Uruguay', N'UY', N'URY', N'598', NULL, NULL)
,(239, N'Uzbekistan', N'UZ', N'UZB', N'998', NULL, NULL)
,(240, N'Vanuatu', N'VU', N'VUT', N'678', NULL, NULL)
,(241, N'Vatican City', N'VA', N'VAT', N'39', NULL, 2)
,(242, N'Venezuela', N'VE', N'VEN', N'58', NULL, NULL)
,(243, N'Vietnam', N'VN', N'VNM', N'84', NULL, NULL)
,(244, N'Virgin Islands British', N'VG', N'VGB', N'1+284', NULL, 3)
,(245, N'Virgin Islands US', N'VI', N'VIR', N'1+340', NULL, 1)
,(246, N'Wallis and Futuna', N'WF', N'WLF', N'681', NULL, NULL)
,(247, N'Western Sahara', N'EH', N'ESH', N'212', NULL, NULL)
,(248, N'Yemen', N'YE', N'YEM', N'967', NULL, NULL)
,(249, N'Zambia', N'ZM', N'ZMB', N'260', NULL, NULL)
,(250, N'Zimbabwe', N'ZW', N'ZWE', N'263', NULL, NULL)

SET IDENTITY_INSERT [master].[Country] OFF
GO


SET IDENTITY_INSERT [master].[State] ON 
GO

INSERT INTO [master].[State] ([StateId],[CountryId],[StateName],[StateCodeISO2],[StateCodeISO3],[Translations],[Disabled]) VALUES
 (1, 11, N'Buenos Aires', NULL, NULL, NULL, 0)
,(2, 11, N'Catamarca', NULL, NULL, NULL, 0)
,(3, 11, N'Chaco', NULL, NULL, NULL, 0)
,(4, 11, N'Chubut', NULL, NULL, NULL, 0)
,(5, 11, N'Ciudad de Buenos Aires', NULL, NULL, NULL, 0)
,(6, 11, N'Córdoba', NULL, NULL, NULL, 0)
,(7, 11, N'Corrientes', NULL, NULL, NULL, 0)
,(8, 11, N'Entre Ríos', NULL, NULL, NULL, 0)
,(9, 11, N'Formosa', NULL, NULL, NULL, 0)
,(10, 11, N'Jujuy', NULL, NULL, NULL, 0)
,(11, 11, N'La Pampa', NULL, NULL, NULL, 0)
,(12, 11, N'La Rioja', NULL, NULL, NULL, 0)
,(13, 11, N'Mendoza', NULL, NULL, NULL, 0)
,(14, 11, N'Misiones', NULL, NULL, NULL, 0)
,(15, 11, N'Neuquén', NULL, NULL, NULL, 0)
,(16, 11, N'Río Negro', NULL, NULL, NULL, 0)
,(17, 11, N'Salta', NULL, NULL, NULL, 0)
,(18, 11, N'San Juan', NULL, NULL, NULL, 0)
,(19, 11, N'San Luis', NULL, NULL, NULL, 0)
,(20, 11, N'Santa Cruz', NULL, NULL, NULL, 0)
,(21, 11, N'Santa Fe', NULL, NULL, NULL, 0)
,(22, 11, N'Santiago del Estero', NULL, NULL, NULL, 0)
,(23, 11, N'Tierra del Fuego', NULL, NULL, NULL, 0)
,(24, 11, N'Tucumán', NULL, NULL, NULL, 0)
,(25, 14, N'Ashmore and Cartier Islands', NULL, NULL, NULL, 0)
,(26, 14, N'Australian Capital Territory', NULL, NULL, NULL, 0)
,(27, 14, N'Coral Sea Islands', NULL, NULL, NULL, 0)
,(28, 14, N'Jervis Bay Territory', NULL, NULL, NULL, 0)
,(29, 14, N'New South Wales', NULL, NULL, NULL, 0)
,(30, 14, N'Northern Territory', NULL, NULL, NULL, 0)
,(31, 14, N'Queensland', NULL, NULL, NULL, 0)
,(32, 14, N'South Australia', NULL, NULL, NULL, 0)
,(33, 14, N'Tasmania', NULL, NULL, NULL, 0)
,(34, 14, N'Victoria', NULL, NULL, NULL, 0)
,(35, 14, N'Western Australia', NULL, NULL, NULL, 0)
,(36, 32, N'Roraima', NULL, NULL, NULL, 0)
,(37, 32, N'Amazonas', NULL, NULL, NULL, 0)
,(38, 32, N'Rio de Janeiro', NULL, NULL, NULL, 0)
,(39, 32, N'Espírito Santo', NULL, NULL, NULL, 0)
,(40, 32, N'Rio Grande do Sul', NULL, NULL, NULL, 0)
,(41, 32, N'Goiás', NULL, NULL, NULL, 0)
,(42, 32, N'Rondônia', NULL, NULL, NULL, 0)
,(43, 32, N'Mato Grosso do Sul', NULL, NULL, NULL, 0)
,(44, 32, N'Distrito Federal', NULL, NULL, NULL, 0)
,(45, 32, N'Bahia', NULL, NULL, NULL, 0)
,(46, 32, N'Ceará', NULL, NULL, NULL, 0)
,(47, 32, N'Mato Grosso', NULL, NULL, NULL, 0)
,(48, 32, N'Pará', NULL, NULL, NULL, 0)
,(49, 32, N'Sergipe', NULL, NULL, NULL, 0)
,(50, 32, N'Tocantins', NULL, NULL, NULL, 0)
,(51, 32, N'Piauí', NULL, NULL, NULL, 0)
,(52, 32, N'Santa Catarina', NULL, NULL, NULL, 0)
,(53, 32, N'Maranhão', NULL, NULL, NULL, 0)
,(54, 32, N'Acre', NULL, NULL, NULL, 0)
,(55, 32, N'Alagoas', NULL, NULL, NULL, 0)
,(56, 32, N'Amapá', NULL, NULL, NULL, 0)
,(57, 32, N'Pernambuco', NULL, NULL, NULL, 0)
,(58, 32, N'Minas Gerais', NULL, NULL, NULL, 0)
,(59, 32, N'Rio Grande do Norte', NULL, NULL, NULL, 0)
,(60, 32, N'Paraíba', NULL, NULL, NULL, 0)
,(61, 32, N'Paraná', NULL, NULL, NULL, 0)
,(62, 32, N'Sao Paulo', NULL, NULL, NULL, 0)
,(63, 40, N'Nunavut', NULL, NULL, NULL, 0)
,(64, 40, N'Saskatchewan', NULL, NULL, NULL, 0)
,(65, 40, N'Prince Edward Island', NULL, NULL, NULL, 0)
,(66, 40, N'Québec', NULL, NULL, NULL, 0)
,(67, 40, N'Ontario', NULL, NULL, NULL, 0)
,(68, 40, N'Manitoba', NULL, NULL, NULL, 0)
,(69, 40, N'Northwest Territories', NULL, NULL, NULL, 0)
,(70, 40, N'Nova Scotia', NULL, NULL, NULL, 0)
,(71, 40, N'Alberta', NULL, NULL, NULL, 0)
,(72, 40, N'British Columbia', NULL, NULL, NULL, 0)
,(73, 40, N'New Brunswick', NULL, NULL, NULL, 0)
,(74, 40, N'Newfoundland and Labrador', NULL, NULL, NULL, 0)
,(75, 40, N'Yukon', NULL, NULL, NULL, 0)
,(76, 45, N'Antofagasta', NULL, NULL, NULL, 0)
,(77, 45, N'Arica y Parinacota', NULL, NULL, NULL, 0)
,(78, 45, N'Atacama', NULL, NULL, NULL, 0)
,(79, 45, N'Aysén del General Carlos Ibáñez del Campo', NULL, NULL, NULL, 0)
,(80, 45, N'Biobío', NULL, NULL, NULL, 0)
,(81, 45, N'Coquimbo', NULL, NULL, NULL, 0)
,(82, 45, N'La Araucanía', NULL, NULL, NULL, 0)
,(83, 45, N'Libertador General Bernardo OHiggins', NULL, NULL, NULL, 0)
,(84, 45, N'Los Lagos', NULL, NULL, NULL, 0)
,(85, 45, N'Los Ríos', NULL, NULL, NULL, 0)
,(86, 45, N'Magallanes y Antártica Chilena', NULL, NULL, NULL, 0)
,(87, 45, N'Maule', NULL, NULL, NULL, 0)
,(88, 45, N'Región Metropolitana de Santiago', NULL, NULL, NULL, 0)
,(89, 45, N'Tarapacá', NULL, NULL, NULL, 0)
,(90, 45, N'Valparaíso', NULL, NULL, NULL, 0)
,(91, 49, N'Amazonas', NULL, NULL, NULL, 0)
,(92, 49, N'Antioquia', NULL, NULL, NULL, 0)
,(93, 49, N'Arauca', NULL, NULL, NULL, 0)
,(94, 49, N'Atlántico', NULL, NULL, NULL, 0)
,(95, 49, N'Bolívar', NULL, NULL, NULL, 0)
,(96, 49, N'Boyacá', NULL, NULL, NULL, 0)
,(97, 49, N'Córdoba', NULL, NULL, NULL, 0)
,(98, 49, N'Caldas', NULL, NULL, NULL, 0)
,(99, 49, N'Caquetá', NULL, NULL, NULL, 0)
,(100, 49, N'Casanare', NULL, NULL, NULL, 0)
,(101, 49, N'Cauca', NULL, NULL, NULL, 0)
,(102, 49, N'Cesar', NULL, NULL, NULL, 0)
,(103, 49, N'Chocó', NULL, NULL, NULL, 0)
,(104, 49, N'Cundinamarca', NULL, NULL, NULL, 0)
,(105, 49, N'Guainía', NULL, NULL, NULL, 0)
,(106, 49, N'Guaviare', NULL, NULL, NULL, 0)
,(107, 49, N'Huila', NULL, NULL, NULL, 0)
,(108, 49, N'La Guajira', NULL, NULL, NULL, 0)
,(109, 49, N'Magdalena', NULL, NULL, NULL, 0)
,(110, 49, N'Meta', NULL, NULL, NULL, 0)
,(111, 49, N'Nariño', NULL, NULL, NULL, 0)
,(112, 49, N'Norte de Santander', NULL, NULL, NULL, 0)
,(113, 49, N'Putumayo', NULL, NULL, NULL, 0)
,(114, 49, N'Quindío', NULL, NULL, NULL, 0)
,(115, 49, N'Risaralda', NULL, NULL, NULL, 0)
,(116, 49, N'San Andrés y Providencia', NULL, NULL, NULL, 0)
,(117, 49, N'Santander', NULL, NULL, NULL, 0)
,(118, 49, N'Sucre', NULL, NULL, NULL, 0)
,(119, 49, N'Tolima', NULL, NULL, NULL, 0)
,(120, 49, N'Valle del Cauca', NULL, NULL, NULL, 0)
,(121, 49, N'Vaupés', NULL, NULL, NULL, 0)
,(122, 49, N'Vichada', NULL, NULL, NULL, 0)
,(123, 76, N'Limousin', NULL, NULL, NULL, 0)
,(124, 76, N'Bretagne', NULL, NULL, NULL, 0)
,(125, 76, N'Auvergne', NULL, NULL, NULL, 0)
,(126, 76, N'Poitou-Charentes', NULL, NULL, NULL, 0)
,(127, 76, N'Midi-Pyrénées', NULL, NULL, NULL, 0)
,(128, 76, N'Pays de la Loire', NULL, NULL, NULL, 0)
,(129, 76, N'Alsace', NULL, NULL, NULL, 0)
,(130, 76, N'Rhône-Alpes', NULL, NULL, NULL, 0)
,(131, 76, N'Languedoc-Roussillon', NULL, NULL, NULL, 0)
,(132, 76, N'Corse', NULL, NULL, NULL, 0)
,(133, 76, N'Haute-Normandie', NULL, NULL, NULL, 0)
,(134, 76, N'Basse-Normandie', NULL, NULL, NULL, 0)
,(135, 76, N'Île-de-France', NULL, NULL, NULL, 0)
,(136, 76, N'Aquitaine', NULL, NULL, NULL, 0)
,(137, 76, N'Champagne-Ardenne', NULL, NULL, NULL, 0)
,(138, 76, N'Franche-Comté', NULL, NULL, NULL, 0)
,(139, 76, N'Centre', NULL, NULL, NULL, 0)
,(140, 76, N'Lorraine', NULL, NULL, NULL, 0)
,(141, 76, N'Bourgogne', NULL, NULL, NULL, 0)
,(142, 76, N'Picardie', NULL, NULL, NULL, 0)
,(143, 76, N'Provence-Alpes-Côte dAzur', NULL, NULL, NULL, 0)
,(144, 76, N'Nord-Pas-de-Calais', NULL, NULL, NULL, 0)
,(145, 83, N'Baden-Württemberg', NULL, NULL, NULL, 0)
,(146, 83, N'Bayern', NULL, NULL, NULL, 0)
,(147, 83, N'Berlin', NULL, NULL, NULL, 0)
,(148, 83, N'Brandenburg', NULL, NULL, NULL, 0)
,(149, 83, N'Bremen', NULL, NULL, NULL, 0)
,(150, 83, N'Hamburg', NULL, NULL, NULL, 0)
,(151, 83, N'Hessen', NULL, NULL, NULL, 0)
,(152, 83, N'Mecklenburg-Vorpommern', NULL, NULL, NULL, 0)
,(153, 83, N'Niedersachsen', NULL, NULL, NULL, 0)
,(154, 83, N'Nordrhein-Westfalen', NULL, NULL, NULL, 0)
,(155, 83, N'Rheinland-Pfalz', NULL, NULL, NULL, 0)
,(156, 83, N'Saarland', NULL, NULL, NULL, 0)
,(157, 83, N'Sachsen', NULL, NULL, NULL, 0)
,(158, 83, N'Sachsen-Anhalt', NULL, NULL, NULL, 0)
,(159, 83, N'Schleswig-Holstein', NULL, NULL, NULL, 0)
,(160, 83, N'Thüringen', NULL, NULL, NULL, 0)
,(161, 98, N'Atlántida', NULL, NULL, NULL, 0)
,(162, 98, N'Choluteca', NULL, NULL, NULL, 0)
,(163, 98, N'Colón', NULL, NULL, NULL, 0)
,(164, 98, N'Comayagua', NULL, NULL, NULL, 0)
,(165, 98, N'Copán', NULL, NULL, NULL, 0)
,(166, 98, N'Cortés', NULL, NULL, NULL, 0)
,(167, 98, N'El Paraíso', NULL, NULL, NULL, 0)
,(168, 98, N'Francisco Morazán', NULL, NULL, NULL, 0)
,(169, 98, N'Gracias a Dios', NULL, NULL, NULL, 0)
,(170, 98, N'Intibucá', NULL, NULL, NULL, 0)
,(171, 98, N'Islas de la Bahía', NULL, NULL, NULL, 0)
,(172, 98, N'La Paz', NULL, NULL, NULL, 0)
,(173, 98, N'Lempira', NULL, NULL, NULL, 0)
,(174, 98, N'Ocotepeque', NULL, NULL, NULL, 0)
,(175, 98, N'Olancho', NULL, NULL, NULL, 0)
,(176, 98, N'Santa Bárbara', NULL, NULL, NULL, 0)
,(177, 98, N'Valle', NULL, NULL, NULL, 0)
,(178, 98, N'Yoro', NULL, NULL, NULL, 0)
,(179, 109, N'Abruzzo', NULL, NULL, NULL, 0)
,(180, 109, N'Apulia', NULL, NULL, NULL, 0)
,(181, 109, N'Basilicata', NULL, NULL, NULL, 0)
,(182, 109, N'Calabria', NULL, NULL, NULL, 0)
,(183, 109, N'Campania', NULL, NULL, NULL, 0)
,(184, 109, N'Emilia-Romagna', NULL, NULL, NULL, 0)
,(185, 109, N'Friuli-Venezia Giulia', NULL, NULL, NULL, 0)
,(186, 109, N'Lazio', NULL, NULL, NULL, 0)
,(187, 109, N'Liguria', NULL, NULL, NULL, 0)
,(188, 109, N'Lombardia', NULL, NULL, NULL, 0)
,(189, 109, N'Marche', NULL, NULL, NULL, 0)
,(190, 109, N'Molise', NULL, NULL, NULL, 0)
,(191, 109, N'Piemonte', NULL, NULL, NULL, 0)
,(192, 109, N'Sardegna', NULL, NULL, NULL, 0)
,(193, 109, N'Sicily', NULL, NULL, NULL, 0)
,(194, 109, N'Toscana', NULL, NULL, NULL, 0)
,(195, 109, N'Trentino-Alto Adige', NULL, NULL, NULL, 0)
,(196, 109, N'Umbria', NULL, NULL, NULL, 0)
,(197, 109, N'Valle dAosta', NULL, NULL, NULL, 0)
,(198, 109, N'Veneto', NULL, NULL, NULL, 0)
,(199, 111, N'Aichi', NULL, NULL, NULL, 0)
,(200, 111, N'Akita', NULL, NULL, NULL, 0)
,(201, 111, N'Aomori', NULL, NULL, NULL, 0)
,(202, 111, N'Chiba', NULL, NULL, NULL, 0)
,(203, 111, N'Ehime', NULL, NULL, NULL, 0)
,(204, 111, N'Fukui', NULL, NULL, NULL, 0)
,(205, 111, N'Fukuoka', NULL, NULL, NULL, 0)
,(206, 111, N'Fukushima', NULL, NULL, NULL, 0)
,(207, 111, N'Gifu', NULL, NULL, NULL, 0)
,(208, 111, N'Gunma', NULL, NULL, NULL, 0)
,(209, 111, N'Hiroshima', NULL, NULL, NULL, 0)
,(210, 111, N'Hokkaido', NULL, NULL, NULL, 0)
,(211, 111, N'Hyogo', NULL, NULL, NULL, 0)
,(212, 111, N'Ibaraki', NULL, NULL, NULL, 0)
,(213, 111, N'Ishikawa', NULL, NULL, NULL, 0)
,(214, 111, N'Iwate', NULL, NULL, NULL, 0)
,(215, 111, N'Kagawa', NULL, NULL, NULL, 0)
,(216, 111, N'Kagoshima', NULL, NULL, NULL, 0)
,(217, 111, N'Kanagawa', NULL, NULL, NULL, 0)
,(218, 111, N'Kochi', NULL, NULL, NULL, 0)
,(219, 111, N'Kumamoto', NULL, NULL, NULL, 0)
,(220, 111, N'Kyoto', NULL, NULL, NULL, 0)
,(221, 111, N'Mie', NULL, NULL, NULL, 0)
,(222, 111, N'Miyagi', NULL, NULL, NULL, 0)
,(223, 111, N'Miyazaki', NULL, NULL, NULL, 0)
,(224, 111, N'Nagano', NULL, NULL, NULL, 0)
,(225, 111, N'Naoasaki', NULL, NULL, NULL, 0)
,(226, 111, N'Nara', NULL, NULL, NULL, 0)
,(227, 111, N'Niigata', NULL, NULL, NULL, 0)
,(228, 111, N'Oita', NULL, NULL, NULL, 0)
,(229, 111, N'Okayama', NULL, NULL, NULL, 0)
,(230, 111, N'Okinawa', NULL, NULL, NULL, 0)
,(231, 111, N'Osaka', NULL, NULL, NULL, 0)
,(232, 111, N'Saga', NULL, NULL, NULL, 0)
,(233, 111, N'Saitama', NULL, NULL, NULL, 0)
,(234, 111, N'Shiga', NULL, NULL, NULL, 0)
,(235, 111, N'Shimane', NULL, NULL, NULL, 0)
,(236, 111, N'Shizuoka', NULL, NULL, NULL, 0)
,(237, 111, N'Tochigi', NULL, NULL, NULL, 0)
,(238, 111, N'Tokushima', NULL, NULL, NULL, 0)
,(239, 111, N'Tokyo', NULL, NULL, NULL, 0)
,(240, 111, N'Tottori', NULL, NULL, NULL, 0)
,(241, 111, N'Toyama', NULL, NULL, NULL, 0)
,(242, 111, N'Wakayama', NULL, NULL, NULL, 0)
,(243, 111, N'Yamagata', NULL, NULL, NULL, 0)
,(244, 111, N'Yamaguchi', NULL, NULL, NULL, 0)
,(245, 111, N'Yamanashi', NULL, NULL, NULL, 0)
,(246, 142, N'Aguascalientes', NULL, NULL, NULL, 0)
,(247, 142, N'Baja California', NULL, NULL, NULL, 0)
,(248, 142, N'Baja California Sur', NULL, NULL, NULL, 0)
,(249, 142, N'Campeche', NULL, NULL, NULL, 0)
,(250, 142, N'Chiapas', NULL, NULL, NULL, 0)
,(251, 142, N'Chihuahua', NULL, NULL, NULL, 0)
,(252, 142, N'Coahuila', NULL, NULL, NULL, 0)
,(253, 142, N'Colima', NULL, NULL, NULL, 0)
,(254, 142, N'Distrito Federal', NULL, NULL, NULL, 0)
,(255, 142, N'Durango', NULL, NULL, NULL, 0)
,(256, 142, N'Guanajuato', NULL, NULL, NULL, 0)
,(257, 142, N'Guerrero', NULL, NULL, NULL, 0)
,(258, 142, N'Hidalgo', NULL, NULL, NULL, 0)
,(259, 142, N'Jalisco', NULL, NULL, NULL, 0)
,(260, 142, N'México', NULL, NULL, NULL, 0)
,(261, 142, N'Michoacán', NULL, NULL, NULL, 0)
,(262, 142, N'Morelos', NULL, NULL, NULL, 0)
,(263, 142, N'Nayarit', NULL, NULL, NULL, 0)
,(264, 142, N'Nuevo León', NULL, NULL, NULL, 0)
,(265, 142, N'Oaxaca', NULL, NULL, NULL, 0)
,(266, 142, N'Puebla', NULL, NULL, NULL, 0)
,(267, 142, N'Querétaro', NULL, NULL, NULL, 0)
,(268, 142, N'Quintana Roo', NULL, NULL, NULL, 0)
,(269, 142, N'San Luis Potosí', NULL, NULL, NULL, 0)
,(270, 142, N'Sinaloa', NULL, NULL, NULL, 0)
,(271, 142, N'Sonora', NULL, NULL, NULL, 0)
,(272, 142, N'Tabasco', NULL, NULL, NULL, 0)
,(273, 142, N'Tamaulipas', NULL, NULL, NULL, 0)
,(274, 142, N'Tlaxcala', NULL, NULL, NULL, 0)
,(275, 142, N'Veracruz', NULL, NULL, NULL, 0)
,(276, 142, N'Yucatán', NULL, NULL, NULL, 0)
,(277, 142, N'Zacatecas', NULL, NULL, NULL, 0)
,(278, 177, N'Aveiro', NULL, NULL, NULL, 0)
,(279, 177, N'Azores', NULL, NULL, NULL, 0)
,(280, 177, N'Beja', NULL, NULL, NULL, 0)
,(281, 177, N'Braga', NULL, NULL, NULL, 0)
,(282, 177, N'Braganza', NULL, NULL, NULL, 0)
,(283, 177, N'Castelo Branco', NULL, NULL, NULL, 0)
,(284, 177, N'Coimbra', NULL, NULL, NULL, 0)
,(285, 177, N'Évora', NULL, NULL, NULL, 0)
,(286, 177, N'Faro', NULL, NULL, NULL, 0)
,(287, 177, N'Guarda', NULL, NULL, NULL, 0)
,(288, 177, N'Leiria', NULL, NULL, NULL, 0)
,(289, 177, N'Lisboa', NULL, NULL, NULL, 0)
,(290, 177, N'Madeira', NULL, NULL, NULL, 0)
,(291, 177, N'Portalegre', NULL, NULL, NULL, 0)
,(292, 177, N'Porto', NULL, NULL, NULL, 0)
,(293, 177, N'Santarém', NULL, NULL, NULL, 0)
,(294, 177, N'Setúbal', NULL, NULL, NULL, 0)
,(295, 177, N'Viana do Castelo', NULL, NULL, NULL, 0)
,(296, 177, N'Vila Real', NULL, NULL, NULL, 0)
,(297, 177, N'Viseu', NULL, NULL, NULL, 0)
,(298, 194, N'Asir', NULL, NULL, NULL, 0)
,(299, 194, N'Al Bahah', NULL, NULL, NULL, 0)
,(300, 194, N'Al Hudud ash Shamaliyah', NULL, NULL, NULL, 0)
,(301, 194, N'Al Jawf', NULL, NULL, NULL, 0)
,(302, 194, N'Al Madinah', NULL, NULL, NULL, 0)
,(303, 194, N'Al Quassim', NULL, NULL, NULL, 0)
,(304, 194, N'Ar Riyad', NULL, NULL, NULL, 0)
,(305, 194, N'Ash Sharqiyah', NULL, NULL, NULL, 0)
,(306, 194, N'Hail', NULL, NULL, NULL, 0)
,(307, 194, N'Jizan', NULL, NULL, NULL, 0)
,(308, 194, N'Makkah', NULL, NULL, NULL, 0)
,(309, 194, N'Najran', NULL, NULL, NULL, 0)
,(310, 194, N'Tabuk', NULL, NULL, NULL, 0)
,(311, 205, N'Eastern Cape', NULL, NULL, NULL, 0)
,(312, 205, N'Free State', NULL, NULL, NULL, 0)
,(313, 205, N'Gauteng', NULL, NULL, NULL, 0)
,(314, 205, N'KwaZulu-Natal', NULL, NULL, NULL, 0)
,(315, 205, N'Limpopo', NULL, NULL, NULL, 0)
,(316, 205, N'Mpumalanga', NULL, NULL, NULL, 0)
,(317, 205, N'North West', NULL, NULL, NULL, 0)
,(318, 205, N'Northern Cape', NULL, NULL, NULL, 0)
,(319, 205, N'Western Cape', NULL, NULL, NULL, 0)
,(320, 205, N'Western Cape (isolated islands)', NULL, NULL, NULL, 0)
,(321, 209, N'Castilla y León', NULL, NULL, NULL, 0)
,(322, 209, N'Islas Baleares', NULL, NULL, NULL, 0)
,(323, 209, N'Galicia', NULL, NULL, NULL, 0)
,(324, 209, N'Cantabria', NULL, NULL, NULL, 0)
,(325, 209, N'País Vasco', NULL, NULL, NULL, 0)
,(326, 209, N'Región de Murcia', NULL, NULL, NULL, 0)
,(327, 209, N'Andalucí­a', NULL, NULL, NULL, 0)
,(328, 209, N'Comunidad Foral de Navarra', NULL, NULL, NULL, 0)
,(329, 209, N'Islas Canarias', NULL, NULL, NULL, 0)
,(330, 209, N'Ceuta y Melilla', NULL, NULL, NULL, 0)
,(331, 209, N'Castilla-La Mancha', NULL, NULL, NULL, 0)
,(332, 209, N'Comunidad Valenciana', NULL, NULL, NULL, 0)
,(333, 209, N'Cataluña', NULL, NULL, NULL, 0)
,(334, 209, N'Extremadura', NULL, NULL, NULL, 0)
,(335, 209, N'La Rioja', NULL, NULL, NULL, 0)
,(336, 209, N'Principado de Asturias', NULL, NULL, NULL, 0)
,(337, 209, N'Comunidad de Madrid', NULL, NULL, NULL, 0)
,(338, 209, N'Aragón', NULL, NULL, NULL, 0)
,(339, 221, N'Amnat Charoen', NULL, NULL, NULL, 0)
,(340, 221, N'Ang Thong', NULL, NULL, NULL, 0)
,(341, 221, N'Bangkok Metropolis', NULL, NULL, NULL, 0)
,(342, 221, N'Bueng Kan', NULL, NULL, NULL, 0)
,(343, 221, N'Buri Ram', NULL, NULL, NULL, 0)
,(344, 221, N'Chachoengsao', NULL, NULL, NULL, 0)
,(345, 221, N'Chai Nat', NULL, NULL, NULL, 0)
,(346, 221, N'Chaiyaphum', NULL, NULL, NULL, 0)
,(347, 221, N'Chanthaburi', NULL, NULL, NULL, 0)
,(348, 221, N'Chiang Mai', NULL, NULL, NULL, 0)
,(349, 221, N'Chiang Rai', NULL, NULL, NULL, 0)
,(350, 221, N'Chon Buri', NULL, NULL, NULL, 0)
,(351, 221, N'Chumphon', NULL, NULL, NULL, 0)
,(352, 221, N'Kalasin', NULL, NULL, NULL, 0)
,(353, 221, N'Kamphaeng Phet', NULL, NULL, NULL, 0)
,(354, 221, N'Kanchanaburi', NULL, NULL, NULL, 0)
,(355, 221, N'Khon Kaen', NULL, NULL, NULL, 0)
,(356, 221, N'Krabi', NULL, NULL, NULL, 0)
,(357, 221, N'Lampang', NULL, NULL, NULL, 0)
,(358, 221, N'Lamphun', NULL, NULL, NULL, 0)
,(359, 221, N'Loei', NULL, NULL, NULL, 0)
,(360, 221, N'Lop Buri', NULL, NULL, NULL, 0)
,(361, 221, N'Mae Hong Son', NULL, NULL, NULL, 0)
,(362, 221, N'Maha Sarakham', NULL, NULL, NULL, 0)
,(363, 221, N'Mukdahan', NULL, NULL, NULL, 0)
,(364, 221, N'Nakhon Nayok', NULL, NULL, NULL, 0)
,(365, 221, N'Nakhon Pathom', NULL, NULL, NULL, 0)
,(366, 221, N'Nakhon Phanom', NULL, NULL, NULL, 0)
,(367, 221, N'Nakhon Ratchasima', NULL, NULL, NULL, 0)
,(368, 221, N'Nakhon Sawan', NULL, NULL, NULL, 0)
,(369, 221, N'Nakhon Si Thammarat', NULL, NULL, NULL, 0)
,(370, 221, N'Nan', NULL, NULL, NULL, 0)
,(371, 221, N'Narathiwat', NULL, NULL, NULL, 0)
,(372, 221, N'Nong Bua Lam Phu', NULL, NULL, NULL, 0)
,(373, 221, N'Nong Khai', NULL, NULL, NULL, 0)
,(374, 221, N'Nonthaburi', NULL, NULL, NULL, 0)
,(375, 221, N'Pathum Thani', NULL, NULL, NULL, 0)
,(376, 221, N'Pattani', NULL, NULL, NULL, 0)
,(377, 221, N'Phangnga', NULL, NULL, NULL, 0)
,(378, 221, N'Phatthalung', NULL, NULL, NULL, 0)
,(379, 221, N'Phayao', NULL, NULL, NULL, 0)
,(380, 221, N'Phetchabun', NULL, NULL, NULL, 0)
,(381, 221, N'Phetchaburi', NULL, NULL, NULL, 0)
,(382, 221, N'Phichit', NULL, NULL, NULL, 0)
,(383, 221, N'Phitsanulok', NULL, NULL, NULL, 0)
,(384, 221, N'Phra Nakhon Si Ayutthaya', NULL, NULL, NULL, 0)
,(385, 221, N'Phrae', NULL, NULL, NULL, 0)
,(386, 221, N'Phuket', NULL, NULL, NULL, 0)
,(387, 221, N'Prachin Buri', NULL, NULL, NULL, 0)
,(388, 221, N'Prachuap Khiri Khan', NULL, NULL, NULL, 0)
,(389, 221, N'Ranong', NULL, NULL, NULL, 0)
,(390, 221, N'Ratchaburi', NULL, NULL, NULL, 0)
,(391, 221, N'Rayong', NULL, NULL, NULL, 0)
,(392, 221, N'Roi Et', NULL, NULL, NULL, 0)
,(393, 221, N'Sa Kaeo', NULL, NULL, NULL, 0)
,(394, 221, N'Sakon Nakhon', NULL, NULL, NULL, 0)
,(395, 221, N'Samut Prakan', NULL, NULL, NULL, 0)
,(396, 221, N'Samut Sakhon', NULL, NULL, NULL, 0)
,(397, 221, N'Samut Songkhram', NULL, NULL, NULL, 0)
,(398, 221, N'Saraburi', NULL, NULL, NULL, 0)
,(399, 221, N'Satun', NULL, NULL, NULL, 0)
,(400, 221, N'Si Sa Ket', NULL, NULL, NULL, 0)
,(401, 221, N'Sing Buri', NULL, NULL, NULL, 0)
,(402, 221, N'Songkhla', NULL, NULL, NULL, 0)
,(403, 221, N'Sukhothai', NULL, NULL, NULL, 0)
,(404, 221, N'Suphan Buri', NULL, NULL, NULL, 0)
,(405, 221, N'Surat Thani', NULL, NULL, NULL, 0)
,(406, 221, N'Surin', NULL, NULL, NULL, 0)
,(407, 221, N'Tak', NULL, NULL, NULL, 0)
,(408, 221, N'Trang', NULL, NULL, NULL, 0)
,(409, 221, N'Trat', NULL, NULL, NULL, 0)
,(410, 221, N'Ubon Ratchathani', NULL, NULL, NULL, 0)
,(411, 221, N'Udon Thani', NULL, NULL, NULL, 0)
,(412, 221, N'Uthai Thani', NULL, NULL, NULL, 0)
,(413, 221, N'Uttaradit', NULL, NULL, NULL, 0)
,(414, 221, N'Yala', NULL, NULL, NULL, 0)
,(415, 221, N'Yasothon', NULL, NULL, NULL, 0)
,(416, 235, N'England', NULL, NULL, NULL, 0)
,(417, 235, N'Northern Ireland', NULL, NULL, NULL, 0)
,(418, 235, N'Scotland', NULL, NULL, NULL, 0)
,(419, 235, N'Wales', NULL, NULL, NULL, 0)
,(420,236,'Alabama','AL',NULL,NULL,0)
,(421,236,'Alaska','AK',NULL,NULL,0)
,(422,236,'Arizona','AZ',NULL,NULL,0)
,(423,236,'Arkansas','AR',NULL,NULL,0)
,(424,236,'California','CA',NULL,NULL,0)
,(425,236,'Colorado','CO',NULL,NULL,0)
,(426,236,'Connecticut','CT',NULL,NULL,0)
,(427,236,'Delaware','DE',NULL,NULL,0)
,(428,236,'District of Columbia','DC',NULL,NULL,0)
,(429,236,'Florida','FL',NULL,NULL,0)
,(430,236,'Georgia','GA',NULL,NULL,0)
,(431,236,'Hawaii','HI',NULL,NULL,0)
,(432,236,'Idaho','ID',NULL,NULL,0)
,(433,236,'Illinois','IL',NULL,NULL,0)
,(434,236,'Indiana','IN',NULL,NULL,0)
,(435,236,'Iowa','IA',NULL,NULL,0)
,(436,236,'Kansas','KS',NULL,NULL,0)
,(437,236,'Kentucky','KY',NULL,NULL,0)
,(438,236,'Louisiana','LA',NULL,NULL,0)
,(439,236,'Maine','ME',NULL,NULL,0)
,(440,236,'Maryland','MD',NULL,NULL,0)
,(441,236,'Massachusetts','MA',NULL,NULL,0)
,(442,236,'Michigan','MI',NULL,NULL,0)
,(443,236,'Minnesota','MN',NULL,NULL,0)
,(444,236,'Mississippi','MS',NULL,NULL,0)
,(445,236,'Missouri','MO',NULL,NULL,0)
,(446,236,'Montana','MT',NULL,NULL,0)
,(447,236,'Nebraska','NE',NULL,NULL,0)
,(448,236,'Nevada','NV',NULL,NULL,0)
,(449,236,'New Hampshire','NH',NULL,NULL,0)
,(450,236,'New Jersey','NJ',NULL,NULL,0)
,(451,236,'New Mexico','NM',NULL,NULL,0)
,(452,236,'New York','NY',NULL,NULL,0)
,(453,236,'North Carolina','NC',NULL,NULL,0)
,(454,236,'North Dakota','ND',NULL,NULL,0)
,(455,236,'Ohio','OH',NULL,NULL,0)
,(456,236,'Oklahoma','OK',NULL,NULL,0)
,(457,236,'Oregon','OR',NULL,NULL,0)
,(458,236,'Pennsylvania','PA',NULL,NULL,0)
,(459,236,'Rhode Island','RI',NULL,NULL,0)
,(460,236,'South Carolina','SC',NULL,NULL,0)
,(461,236,'South Dakota','SD',NULL,NULL,0)
,(462,236,'Tennessee','TN',NULL,NULL,0)
,(463,236,'Texas','TX',NULL,NULL,0)
,(464,236,'Utah','UT',NULL,NULL,0)
,(465,236,'Vermont','VT',NULL,NULL,0)
,(466,236,'Virginia','VA',NULL,NULL,0)
,(467,236,'Washington','WA',NULL,NULL,0)
,(468,236,'West Virginia','WV',NULL,NULL,0)
,(469,236,'Wisconsin','WI',NULL,NULL,0)
,(470,236,'Wyoming','WY',NULL,NULL,0)
,(471, 238, N'Artigas', NULL, NULL, NULL, 0)
,(472, 238, N'Canelones', NULL, NULL, NULL, 0)
,(473, 238, N'Cerro Largo', NULL, NULL, NULL, 0)
,(474, 238, N'Colonia', NULL, NULL, NULL, 0)
,(475, 238, N'Durazno', NULL, NULL, NULL, 0)
,(476, 238, N'Flores', NULL, NULL, NULL, 0)
,(477, 238, N'Florida', NULL, NULL, NULL, 0)
,(478, 238, N'Lavalleja', NULL, NULL, NULL, 0)
,(479, 238, N'Maldonado', NULL, NULL, NULL, 0)
,(480, 238, N'Montevideo', NULL, NULL, NULL, 0)
,(481, 238, N'Paysandú', NULL, NULL, NULL, 0)
,(482, 238, N'Río Negro', NULL, NULL, NULL, 0)
,(483, 238, N'Rivera', NULL, NULL, NULL, 0)
,(484, 238, N'Rocha', NULL, NULL, NULL, 0)
,(485, 238, N'Salto', NULL, NULL, NULL, 0)
,(486, 238, N'San José', NULL, NULL, NULL, 0)
,(487, 238, N'Soriano', NULL, NULL, NULL, 0)
,(488, 238, N'Tacuarembó', NULL, NULL, NULL, 0)
,(489, 238, N'Treinta y Tres', NULL, NULL, NULL, 0)
,(490,86,'Eastern Macedonia and Thrace',NULL,NULL,NULL,0)
,(496,86,'Attica',NULL,NULL,NULL,0)
,(493,86,'Western Greece',NULL,NULL,NULL,0)
,(495,86,'Western Macedonia',NULL,NULL,NULL,0)
,(501,86,'Ionian Islands',NULL,NULL,NULL,0)
,(494,86,'Epirus',NULL,NULL,NULL,0)
,(492,86,'Central Macedonia',NULL,NULL,NULL,0)
,(500,86,'Crete',NULL,NULL,NULL,0)
,(491,86,'Southern Aegean',NULL,NULL,NULL,0)
,(499,86,'Peloponnese',NULL,NULL,NULL,0)
,(498,86,'Thessaly',NULL,NULL,NULL,0)
,(497,86,'Northern Aegean',NULL,NULL,NULL,0)
,(502,86,'Central Greece',NULL,NULL,NULL,0)
,(503,100,'Central Hungary',NULL,NULL,NULL,0)
,(504,100,'Central Transdanubia',NULL,NULL,NULL,0)
,(505,100,'Northern Great Plain',NULL,NULL,NULL,0)
,(506,100,'Northern Hungary',NULL,NULL,NULL,0)
,(507,100,'Southern Transdanubia',NULL,NULL,NULL,0)
,(508,100,'Southern Great Plain',NULL,NULL,NULL,0)
,(509,100,'Western Transdanubia',NULL,NULL,NULL,0)

SET IDENTITY_INSERT [master].[State] OFF
GO

SET IDENTITY_INSERT [master].[Tech] ON 
GO

INSERT INTO [master].[Tech] ([TechId],[TechName],[TechShortName],[Description],[Translations]) VALUES
 (1,'Solar PV','PV','Solar Photovoltaic Technology','<lang><es>Solar Fotovoltaica</es></lang>')
,(2,'Wind','Wind','Wind Technology','<lang><es>Eólica</es></lang>')
,(3,'Storage','Storage','Storage Technology','<lang><es>Almacenamiento</es></lang>')
,(4,'PV + Storage','PV + Storage','PV + Storage','<lang><es>Fotovoltaica + Almacenamiento</es></lang>')
,(5,'Hydro','Hydro','Hydroelectric Technology','<lang><es>Hidroeléctrica</es></lang>')
,(6,'Fuel Cell','Fuel Cell','Fuel Cell','<lang><es>Pila de Combustible</es></lang>')
,(7,'EV Charging point','EV Charging point','EV Charging point','<lang><es>Punto de carga de vehiculo electrico</es></lang>')

SET IDENTITY_INSERT [master].[Tech] OFF
GO



SET IDENTITY_INSERT [master].[DeviceType] ON 
GO

INSERT INTO [master].[DeviceType] ([DeviceTypeId],[IconId],[DeviceTypeName],[Translations]) VALUES
(1,NULL,'meter','<lang><es>contador</es></lang>')
,(2,NULL,'inverter','<lang><es>inversor</es></lang>')
,(3,NULL,'combiner box','<lang><es>caja de conexión</es></lang>')
,(4,NULL,'string','<lang><es>cadena</es></lang>')
,(5,NULL,'weather station','<lang><es>estación meteorológica</es></lang>')
,(6,NULL,'pyranometer','<lang><es>piranómetro</es></lang>')
,(7,NULL,'calibrated cell','<lang><es>célula calibrada</es></lang>')
,(8,NULL,'temperature probe','<lang><es>sensor de temperatura</es></lang>')
,(9,NULL,'anemometer','<lang><es>anemómetro</es></lang>')
,(10,NULL,'vane','<lang><es>veleta</es></lang>')
,(11,NULL,'pluviometer','<lang><es>pluviómetro</es></lang>')
,(12,NULL,'barometer','<lang><es>barómetro</es></lang>')
,(13,NULL,'huminidy probe','<lang><es>sensor de humedad</es></lang>')
,(14,NULL,'fixed structure','<lang><es>estructura fija</es></lang>')
,(15,NULL,'tracker structure','<lang><es>seguidor</es></lang>')
,(16,NULL,'battery','<lang><es>batería</es></lang>')
,(17,NULL,'module','<lang><es>módulo</es></lang>')
,(18,NULL,'wind turbine','<lang><es>turbina eólica</es></lang>')
,(19,NULL,'transformer','<lang><es>transformador</es></lang>')
,(20,NULL,'medium-voltage switch gear','<lang><es>celda media tensión</es></lang>')
,(21,NULL,'computer','<lang><es>ordenador</es></lang>')
,(22,NULL,'router','<lang><es>router</es></lang>')
,(23,NULL,'switch','<lang><es>switch</es></lang>')
SET IDENTITY_INSERT [master].[DeviceType] OFF
GO